{"cameraMode":{"drawMode":0,"name":"Shaded","section":"Shading Mode"},"sceneLighting":true,"audioPlay":false,"sceneViewState":{"m_AlwaysRefresh":false,"showFog":true,"showSkybox":true,"showFlares":true,"showImageEffects":true,"showParticleSystems":true,"showVisualEffectGraphs":true,"m_FxEnabled":false},"in2DMode":false,"pivot":{"x":0.24265019595623017,"y":0.8202705383300781,"z":1.2917393445968629},"rotation":{"x":0.6171951293945313,"y":-0.009571921080350876,"z":0.0075097763910889629,"w":0.7867149114608765},"size":1.6372133493423463,"orthographic":false}