{"cameraMode":{"drawMode":0,"name":"Shaded","section":"Shading Mode"},"sceneLighting":true,"audioPlay":false,"sceneViewState":{"m_AlwaysRefresh":false,"showFog":true,"showSkybox":true,"showFlares":true,"showImageEffects":true,"showParticleSystems":true,"showVisualEffectGraphs":true,"m_FxEnabled":false},"in2DMode":false,"pivot":{"x":4.225634574890137,"y":6.0290422439575199,"z":-12.468866348266602},"rotation":{"x":-0.21534308791160584,"y":0.31650015711784365,"z":-0.07405102998018265,"w":-0.9208714365959168},"size":2.6498026847839357,"orthographic":false}