{"cameraMode":{"drawMode":0,"name":"Shaded","section":"Shading Mode"},"sceneLighting":true,"audioPlay":false,"sceneViewState":{"m_AlwaysRefresh":false,"showFog":true,"showSkybox":true,"showFlares":true,"showImageEffects":true,"showParticleSystems":true,"showVisualEffectGraphs":true,"m_FxEnabled":false},"in2DMode":false,"pivot":{"x":-6.846956729888916,"y":0.06583189964294434,"z":-0.6277194023132324},"rotation":{"x":-0.02780832350254059,"y":-0.9661943912506104,"z":0.22778570652008058,"w":-0.11781860142946243},"size":4.107431888580322,"orthographic":false}