{"cameraMode":{"drawMode":0,"name":"Shaded","section":"Shading Mode"},"sceneLighting":true,"audioPlay":false,"sceneViewState":{"m_AlwaysRefresh":false,"showFog":true,"showSkybox":true,"showFlares":true,"showImageEffects":true,"showParticleSystems":true,"showVisualEffectGraphs":true,"m_FxEnabled":false},"in2DMode":false,"pivot":{"x":5.014378547668457,"y":6.489896297454834,"z":-32.655303955078128},"rotation":{"x":-0.08251523971557617,"y":0.46071016788482668,"z":-0.04310915246605873,"w":-0.8826712965965271},"size":2.6498026847839357,"orthographic":false}